<?xml version="1.0"?>
<module>
	<type>language</type>
	<name>Italian</name>
	<label>IT Italian</label>
	<prefix>it_it</prefix>
	<version>6.1.1</version>
	<dependencies>
		<vtiger_version>6.0.0rc</vtiger_version>
		<vtiger_max_version>7.*</vtiger_max_version>
	</dependencies>
	<license>
		<inline><![CDATA[
 ********************************************************************************
 * The contents of these fileis are subject to the Mozilla Public License Version 1.1
 * ("License"); You may not use this file except in compliance with the License.
 * Software distributed under the License is distributed on an  "AS IS"  basis,
 * WITHOUT WARRANTY OF ANY KIND, either express or implied. See the License for
 * the specific language governing rights and limitations under the License.
 ********************************************************************************
 *  Language     : Italiano9
 *  Version      : 5.1
 *  Author       : traduttori di vtiger italia info@vtiger-italia.net, Massimiliano Vessi (maxint@tiscali.it)
 ********************************************************************************
]]></inline>
	</license>
</module>
